{"cameraMode":{"drawMode":0,"name":"Shaded","section":"Shading Mode"},"sceneLighting":true,"audioPlay":false,"sceneViewState":{"showFog":true,"showMaterialUpdate":false,"showSkybox":true,"showFlares":true,"showImageEffects":true,"showParticleSystems":true},"in2DMode":false,"pivot":{"x":-0.9571533203125,"y":-1.516845703125,"z":-3.9765625},"rotation":{"x":0.017997587099671365,"y":-0.01590433530509472,"z":-0.00027211778797209263,"w":-0.9997285604476929},"size":19.81168556213379,"orthographic":true}