{"cameraMode":{"drawMode":0,"name":"Shaded","section":"Shading Mode"},"sceneLighting":false,"audioPlay":false,"sceneViewState":{"showFog":true,"showMaterialUpdate":false,"showSkybox":false,"showFlares":true,"showImageEffects":true,"showParticleSystems":true},"in2DMode":false,"pivot":{"x":4.283382415771484,"y":0.6262513995170593,"z":0.8828125},"rotation":{"x":-0.012481031939387322,"y":0.966478168964386,"z":-0.04787978529930115,"w":-0.2519364058971405},"size":17.352258682250978,"orthographic":true}